auc,acc,sen,spec,prec
0.9641484902472008,0.9328610154833774,0.947875816993464,0.9027815279117082,0.9513640635169404
